<?xml version="1.0" encoding="UTF-8"?>
<project-private xmlns="http://www.netbeans.org/ns/project-private/1">
    <editor-bookmarks xmlns="http://www.netbeans.org/ns/editor-bookmarks/2" lastBookmarkId="0"/>
    <open-files xmlns="http://www.netbeans.org/ns/projectui-open-files/2">
        <group>
            <file>file:/C:/Users/danel/OneDrive%20-%20Universidad%20Distrital%20Francisco%20José%20de%20Caldas/Documentos/NetBeansProjects/PatronAdapter_Grupo1/src/adapters/SquarePegAdapter.java</file>
            <file>file:/C:/Users/danel/OneDrive%20-%20Universidad%20Distrital%20Francisco%20José%20de%20Caldas/Documentos/NetBeansProjects/PatronAdapter_Grupo1/src/Demo.java</file>
            <file>file:/C:/Users/danel/OneDrive%20-%20Universidad%20Distrital%20Francisco%20José%20de%20Caldas/Documentos/NetBeansProjects/PatronAdapter_Grupo1/src/round/RoundPeg.java</file>
            <file>file:/C:/Users/danel/OneDrive%20-%20Universidad%20Distrital%20Francisco%20José%20de%20Caldas/Documentos/NetBeansProjects/PatronAdapter_Grupo1/src/square/SquarePeg.java</file>
            <file>file:/C:/Users/danel/OneDrive%20-%20Universidad%20Distrital%20Francisco%20José%20de%20Caldas/Documentos/NetBeansProjects/PatronAdapter_Grupo1/src/round/RoundHole.java</file>
        </group>
    </open-files>
</project-private>
